UserID,UserName,FullName,Email,Role,RegisteredAt
1,cavin1257,CAVINKUMARAN M,ck@gmail.com,employee,2024-10-01 04:22:23.470
2,admin,ADMIN KUMAARU,admin@jman.com,admin,2024-10-03 04:16:36.187
3,joseph123,JOSEPH KURUVILA,joseph123@gmail.com,employee,2024-10-03 04:53:53.060
4,joyporter,Rodney Robles,joseph80@example.net,employee,2024-10-05 16:18:19.903
5,vaughanadam,Joseph Garcia,sdavis@example.com,employee,2024-10-05 16:18:19.967
6,markrivers,Erin Taylor,rachelanderson@example.org,employee,2024-10-05 16:18:20.027
7,ufields,Emily Moran,brianmckay@example.com,employee,2024-10-05 16:18:20.083
8,jasondecker,Catherine Garner,jessica62@example.com,employee,2024-10-05 16:18:20.140
9,emmabonilla,Louis Novak,wdunn@example.com,employee,2024-10-05 16:18:20.197
10,droberson,Tim Jones,jason26@example.org,employee,2024-10-05 16:18:20.257
11,nicholasblevins,Sara Williams,richard21@example.net,employee,2024-10-05 16:18:20.313
12,vwest,Mrs. Judith Leonard,clintonjohnson@example.com,employee,2024-10-05 16:18:20.370
13,eholloway,Lawrence Crawford,mwaller@example.net,employee,2024-10-05 16:18:20.430
14,ryan56,Kristin Krueger,carolinecox@example.net,employee,2024-10-05 16:18:20.487
15,april69,Kelly Burke,kristenanderson@example.com,employee,2024-10-05 16:18:20.543
16,amy15,Christopher Garner,brianrichmond@example.net,employee,2024-10-05 16:18:20.600
17,katherine55,Christopher Walker,guzmannicholas@example.net,employee,2024-10-05 16:18:20.657
18,simpsonholly,John Cook,xjenkins@example.net,employee,2024-10-05 16:18:20.713
19,christinelane,Jessica Myers,erika47@example.com,employee,2024-10-05 16:18:20.770
20,walkerjames,Jeff Vaughan,meganfriedman@example.com,employee,2024-10-05 16:18:20.827
21,johngray,Brian Chang,beckdiana@example.net,employee,2024-10-05 16:18:20.883
22,nelsonryan,Jacqueline Potter,hharrell@example.net,employee,2024-10-05 16:18:20.940
23,isaaclawrence,Catherine Phillips,boyerkimberly@example.org,employee,2024-10-05 16:18:20.997
24,orivera,Sean Diaz,jessicaherman@example.com,employee,2024-10-05 16:18:21.053
25,jason16,Rebecca Arias,vpowell@example.com,employee,2024-10-05 16:18:21.110
26,kim45,Lisa White,fosterfernando@example.com,employee,2024-10-05 16:18:21.170
27,adriennejefferson,Joseph Hicks,kochscott@example.org,employee,2024-10-05 16:18:21.227
28,allisonjudy,Joseph Martin,franciscobell@example.org,employee,2024-10-05 16:18:21.283
29,dpeck,Angela Carpenter,robinsondeborah@example.org,employee,2024-10-05 16:18:21.340
30,charles84,Christopher Mosley,peterscrystal@example.com,employee,2024-10-05 16:18:21.397
31,kpeterson,Kimberly Duncan,ogreer@example.net,employee,2024-10-05 16:18:21.453
32,theresa48,George Waller,kelly13@example.net,employee,2024-10-05 16:18:21.510
33,dyerrobert,Jimmy Paul,samantha49@example.com,employee,2024-10-05 16:18:21.567
34,trevor76,Mr. Jonathan Zavala,qcohen@example.org,employee,2024-10-05 16:18:21.627
35,cblack,William Jordan,jay85@example.com,employee,2024-10-05 16:18:21.683
36,aowens,Christina Meyer,codyhill@example.org,employee,2024-10-05 16:18:21.740
37,lscott,Paul Hanson,ahernandez@example.com,employee,2024-10-05 16:18:21.797
38,parkerterri,Pamela Soto,uyang@example.net,employee,2024-10-05 16:18:21.853
39,kevin20,Sabrina Price DVM,ismith@example.net,employee,2024-10-05 16:18:21.910
40,patrickcook,Linda Newman,courtney37@example.com,employee,2024-10-05 16:18:21.967
41,lstone,Angela Murphy,lori10@example.org,employee,2024-10-05 16:18:22.023
42,veronica02,Jeremy Gonzalez,rachel84@example.com,employee,2024-10-05 16:18:22.080
43,chad98,Adam Petty,douglasjoshua@example.net,employee,2024-10-05 16:18:22.137
44,david96,William Garcia,carternicole@example.org,employee,2024-10-05 16:18:22.193
45,james12,Brandon Nguyen,thomas43@example.net,employee,2024-10-05 16:18:22.250
46,codylewis,Derek Miller,emily99@example.com,employee,2024-10-05 16:18:22.307
47,paul31,Rebekah Jones,rfletcher@example.com,employee,2024-10-05 16:18:22.363
48,jwong,Jeffrey Rogers,johnmclean@example.com,employee,2024-10-05 16:18:22.420
49,dgibson,Michael Davis,clarkmichael@example.org,employee,2024-10-05 16:18:22.477
50,brandycox,Gabriel Sheppard,pchavez@example.org,employee,2024-10-05 16:18:22.533
51,kathrynmoyer,Angela Davenport,njones@example.com,employee,2024-10-05 16:18:22.590
52,sarahhancock,Megan Allison,george47@example.com,employee,2024-10-05 16:18:22.647
53,sloangarrett,Anne Henry,smithzachary@example.org,employee,2024-10-05 16:18:22.703
54,woodardkathryn,Brandi Hodges,aguirremarcus@example.org,employee,2024-10-05 16:18:22.760
55,kirstenharris,Dawn Soto,kenneth56@example.org,employee,2024-10-05 16:18:22.817
56,ryancherry,Paul Douglas,amyfoster@example.com,employee,2024-10-05 16:18:22.873
57,psmall,Glenda Cox,powerslisa@example.com,employee,2024-10-05 16:18:22.930
58,rlucas,Elizabeth Hicks MD,ericday@example.net,employee,2024-10-05 16:18:22.987
59,deantracy,John Burke,tcarpenter@example.org,employee,2024-10-05 16:18:23.043
60,racheltran,Dustin Johnson PhD,nancywilliams@example.net,employee,2024-10-05 16:18:23.100
61,bduarte,Joseph Mcmillan,patelcaitlin@example.com,employee,2024-10-05 16:18:23.157
62,taylorjessica,Thomas Jensen,james09@example.com,employee,2024-10-05 16:18:23.213
63,jerrybryant,Marissa Gonzalez,brett11@example.com,employee,2024-10-05 16:18:23.270
64,jocelynmorrow,Kevin White,anthony95@example.net,employee,2024-10-05 16:18:23.327
65,robert49,Jose Hill,lisa81@example.org,employee,2024-10-05 16:18:23.383
66,dsmith,Amber Pratt,agonzalez@example.net,employee,2024-10-05 16:18:23.440
67,wingram,Gary Wolf,taylorlee@example.com,employee,2024-10-05 16:18:23.497
68,middletonabigail,Pedro Stephens,michelleschneider@example.org,employee,2024-10-05 16:18:23.553
69,shannon33,Kelsey Wilson,rrios@example.org,employee,2024-10-05 16:18:23.607
70,howemarissa,Tammy Perez,stephenpayne@example.org,employee,2024-10-05 16:18:23.667
71,owilkins,Janice Sanford,roger58@example.org,employee,2024-10-05 16:18:23.723
72,kennethwhite,Thomas Johnson,danielle53@example.com,employee,2024-10-05 16:18:23.780
73,bcook,Max Robinson,ijennings@example.net,employee,2024-10-05 16:18:23.837
74,anthonywilliams,Gregory Conway,vtaylor@example.com,employee,2024-10-05 16:18:23.893
75,nwolfe,Tiffany Robinson,richard93@example.net,employee,2024-10-05 16:18:23.947
76,wolfmark,Sara Garcia,kelly61@example.net,employee,2024-10-05 16:18:24.007
77,keithcook,Lori Brown,phillip17@example.org,employee,2024-10-05 16:18:24.060
78,halledward,Adam Lara,mariaday@example.net,employee,2024-10-05 16:18:24.117
79,jose77,Melissa Robertson,yvettewilson@example.com,employee,2024-10-05 16:18:24.173
80,thomas67,Elizabeth Stout,michael07@example.org,employee,2024-10-05 16:18:24.230
81,susanhodges,Jill Williams,peter19@example.net,employee,2024-10-05 16:18:24.290
82,thomascarolyn,Brenda Atkins,monroeholly@example.com,employee,2024-10-05 16:18:24.347
83,hcook,Rachel Rivers,carla36@example.org,employee,2024-10-05 16:18:24.403
84,juliegarcia,Nicole Phillips,john57@example.org,employee,2024-10-05 16:18:24.460
85,jennifercortez,Adam Wilkinson,kirstenmclean@example.org,employee,2024-10-05 16:18:24.517
86,nwilkinson,Ryan Bruce,rlong@example.org,employee,2024-10-05 16:18:24.573
87,ojacobs,Cynthia Blake,dcruz@example.net,employee,2024-10-05 16:18:24.630
88,romerosusan,Michael Clark,vscott@example.org,employee,2024-10-05 16:18:24.687
89,abigail40,Shannon Nelson,ojohnson@example.net,employee,2024-10-05 16:18:24.740
90,mhayes,Erin Vargas,andre37@example.org,employee,2024-10-05 16:18:24.797
91,anthony27,Deborah Bullock,vernon81@example.org,employee,2024-10-05 16:18:24.853
92,douglasanderson,Natalie Chen,kentharris@example.net,employee,2024-10-05 16:18:24.910
93,karenrodriguez,Ian Good,laurie44@example.org,employee,2024-10-05 16:18:24.967
94,johnmercado,Linda Moreno,jeremydunn@example.net,employee,2024-10-05 16:18:25.023
95,gosborn,Brenda Berry,catherinemyers@example.net,employee,2024-10-05 16:18:25.080
96,ujohnson,Thomas Kelley,beverly49@example.com,employee,2024-10-05 16:18:25.133
97,michael19,Carrie Wright,sroberts@example.org,employee,2024-10-05 16:18:25.190
98,powelljessica,Emily Buchanan,sarahanderson@example.org,employee,2024-10-05 16:18:25.247
99,kemprichard,Henry Grant,matthewperez@example.com,employee,2024-10-05 16:18:25.303
100,robinsonjodi,Cassandra Santiago,crubio@example.net,employee,2024-10-05 16:18:25.360
